condition,conditionForWeek9,week4-inter_voiceCount,week4-inter_textCount,week4-inter_completed,week4-intra_voiceCount,week4-intra_textCount,week4-intra_completed,week5-where_voiceCount,week5-where_textCount,week5-where_completed,week5-set_voiceCount,week5-set_textCount,week5-set_completed,week6-cross_voiceCount,week6-cross_textCount,week6-cross_completed,week6-aggregation_voiceCount,week6-aggregation_textCount,week6-aggregation_completed,week7-ra-set_voiceCount,week7-ra-set_textCount,week7-ra-set_completed,week7-ra-base_voiceCount,week7-ra-base_textCount,week7-ra-base_completed,week8-views_voiceCount,week8-views_textCount,week8-views_completed,week8-indexes_voiceCount,week8-indexes_textCount,week8-indexes_completed,week9-normal_voiceCount,week9-normal_textCount,week9-normal_completed,hashed_id
Optional,Optional,0,1,1,0,1,1,0,1,1,0,1,1,0,1,1,0,1,1,1,1,1,2,0,1,0,2,1,0,1,1,0,1,1,adc9b44259f50e8de8f11b5e3f3adeac6334592b86f168d8264e96819a72a2c2
Voice,Optional,0,0,0,0,0,0,1,0,1,1,0,1,0,0,0,0,0,0,0,0,0,2,0,0,0,0,0,0,0,0,0,0,0,82cb37383c7dfe61c1eedd711e72101415c7636d6767497cab0861800315e2af
Text,Optional,0,1,1,0,1,1,0,1,1,0,1,1,0,1,1,0,1,1,0,1,1,0,1,1,0,1,1,0,1,1,0,1,1,62d451f6d722bf8ededdc89f562703d5e3a98a8547007e1148cfdd58e6edc4c7
Optional,Optional,0,1,1,0,3,1,2,0,1,1,0,1,1,1,1,1,1,1,1,0,1,1,0,1,1,0,1,1,0,1,0,2,1,c0a3ff25149732eeabfa193373ebbf50706ad28f745774cee544c8e758ee28dd
Voice,Optional,1,0,1,1,0,1,2,0,1,1,0,1,1,0,1,1,0,1,1,0,1,1,0,1,0,0,0,0,0,0,1,0,1,7f71ae0dfae1eeef39b2872380110ada6fe59073b97de798f6aa781721b14540
Voice,Optional,1,0,1,1,0,1,1,0,1,1,0,1,1,0,1,1,0,1,1,0,1,1,0,1,0,0,0,0,0,0,1,0,1,b83a9382c32830a55ec6862446a3ab39d7762e5741f8bad58f68f8173fe72f98
Text,Optional,0,1,1,0,1,1,0,1,1,0,1,1,0,1,1,0,1,1,0,1,1,0,1,1,0,0,0,0,0,0,0,0,0,50b2cc0e298db9b9d8bf5b22fc4eb313e9ea10b75c66c899a99a7f1d445c1d87
Voice,Optional,1,0,1,1,0,1,1,0,1,2,0,1,1,0,1,1,0,1,1,0,1,1,0,1,1,0,1,2,0,1,1,0,1,b7d0c429cdb61982b2d796d879c1eef2836974bd50f4bc0eacc87ed507e189d7
Optional,Optional,0,2,1,0,4,1,0,3,1,0,3,1,0,1,1,0,3,1,0,3,1,0,3,1,0,1,1,0,2,1,0,1,1,2d117689cf8d6084cc98ae82cfb6735328153a1f0e9a0e120b6147e366f7c429
Optional,Optional,0,1,1,0,1,1,0,1,1,0,1,1,0,1,1,0,1,1,0,1,1,0,1,1,0,1,1,0,1,1,0,1,1,a41164165fc4a741fe9bcb564d29a4e91e1fa8edfcd30eaf1283c6732a6a3360
Voice,Optional,1,0,1,1,0,1,1,0,1,1,0,1,1,0,1,1,0,1,1,0,1,1,0,1,1,0,1,1,0,1,0,1,1,8a390e0f33d1bb2bec5a6266e6e89cef6e3f970f8500ce9e42337e8052fb6d27
Voice,Optional,1,0,1,1,0,1,1,0,1,1,0,1,1,0,1,1,0,1,1,0,1,1,0,1,1,0,1,1,0,1,0,1,1,3fdf381a8a8ddde9df96882b7bf7296af22f33909109768e6aa8a188a2068828
Optional,Optional,0,1,1,0,1,1,0,1,1,0,1,1,0,1,1,0,1,1,0,1,1,0,2,1,0,1,1,0,1,1,0,1,1,1acf1858b3427d8f1c2e5bf6e264513395d9e4c04b4fb216e90a71b9325ffabe
Optional,Optional,0,1,1,0,1,1,0,1,1,0,1,1,0,1,1,0,1,1,0,1,1,0,1,1,0,1,1,0,1,1,0,3,1,1adc4fe1fe982085a2eb0a9eb4e49e82abbbd6a0fced3dcba0c9468a9e47880c
Voice,Optional,2,0,1,3,0,1,3,0,1,1,0,1,1,0,1,1,0,1,1,0,1,7,0,1,1,0,1,2,0,1,1,0,1,f8ced18acc0cafb07c5acf5e80eb7670db5269d56afaaea1a7fa0f62f24d1cdb
Voice,Optional,0,0,0,0,0,0,0,0,0,0,0,0,0,0,0,0,0,0,0,0,0,0,0,0,0,0,0,0,0,0,0,0,0,0d58259f004b8f2098b2e71ae206d2474e821b49e501bd1c01cd38c55bd000cf
Voice,Optional,4,0,1,5,0,1,1,0,1,5,0,1,4,0,1,1,0,1,1,0,1,9,0,1,3,0,1,1,0,1,0,1,1,87f7592e2b68b8430498216dea20f8973950ca81fea2b0a857a70fe018c6797c
Optional,Optional,0,1,1,0,1,1,0,1,1,0,1,1,0,1,1,0,1,1,0,1,1,0,1,1,0,1,1,0,1,1,0,1,1,bb7e3f02cb07e8873018a24e0a6116fa6bb3d9e797f816b3db5e8d19676350cd
Text,Optional,0,0,0,0,0,0,0,0,0,0,0,0,0,0,0,0,0,0,0,1,1,0,1,1,0,0,0,0,0,0,0,1,1,1673e058550a953b5333c10c7307634c41f380545e6313f20559719bfc75587d
Optional,Optional,0,1,1,0,1,1,0,1,1,0,1,1,0,1,1,0,1,1,0,1,1,0,1,1,0,0,0,0,0,0,0,1,1,c09d0ade6f5b355e706c1a0c9e883aa2eaa6dc3fe5829b66f626b91f677c785c
Voice,Optional,4,0,1,3,0,1,2,0,1,1,0,1,2,0,1,1,0,1,1,0,1,1,0,1,1,0,1,1,0,1,0,1,1,1c7e93be2a7e45f3a8ed1612ec6a6d9a0ae0cfbc76c6bbd5e310c14f80586566
Optional,Optional,0,1,1,0,1,1,0,1,1,0,1,1,0,1,1,0,1,1,0,1,1,0,1,1,0,0,0,0,0,0,0,1,1,fbd6d307590d7328853ff3d85490d3906db979b6b9c5480f7718a738e994d88f
Voice,Optional,4,0,1,1,0,1,2,0,1,1,0,1,1,0,1,1,0,1,1,0,1,1,0,1,1,0,1,1,0,1,0,1,1,37bad7e7d4d96783c42f3d9cf6bc6b9da0e1e9e018246fcfc0fbf05fe6e4301b
Text,Optional,0,1,1,0,1,1,0,1,1,0,1,1,0,1,1,0,1,1,0,1,1,0,1,1,0,1,1,0,1,1,0,1,1,95ea1c299d3b850c540dec88bd6a5c004828c98dfc25b3986c5625b513508edb
Optional,Optional,0,1,1,0,1,1,0,1,1,0,1,1,0,1,1,0,1,1,0,1,1,0,1,1,0,1,1,0,1,1,0,1,1,537fc1b8e46a3cea90d66bb1645f6d7f8baeda800b4591b307e7b37aa59d4fa1
Text,Optional,0,1,1,0,1,1,0,1,1,0,1,1,0,1,1,0,1,1,0,1,1,0,1,1,0,1,1,0,1,1,0,1,1,6de84a8f7b0bc8a4111f07ae1bc0edd853276c5dac207553eece3fd3ecf62a06
Voice,Optional,1,0,1,1,0,1,1,0,1,1,0,1,1,0,1,1,0,1,1,0,1,1,0,1,1,0,1,1,0,1,1,0,1,9568871f27c32d6332fe97b1d15b1819598f28eadcc6bab851585ddc47eb5a4b
Text,Optional,0,1,1,0,1,1,0,1,1,0,1,1,0,1,1,0,1,1,0,1,1,0,1,1,0,1,1,0,1,1,0,1,1,e5f9efd876c0e6625d9da45fad0a44937eeb8e5cbbc518e3bfe9672976a4386c
Optional,Optional,0,0,0,0,0,0,0,1,1,0,1,1,0,1,1,0,1,1,0,1,1,0,1,1,0,1,1,0,1,1,0,0,0,477fc84b1926891b6a81037d9c690b54b6d723091465bc53438f0f72862fc5b5
Text,Optional,0,1,1,0,1,1,0,1,1,0,1,1,0,1,1,0,1,1,0,1,1,0,1,1,0,1,1,0,1,1,0,1,1,9c761400bfdbf87fca4bd96b8b90a40ca4524064972f768f03c5b9d34e512da1
Optional,Optional,0,1,1,0,1,1,0,1,1,0,1,1,0,0,0,0,0,0,0,1,1,0,1,1,0,1,1,0,1,1,0,2,1,8055cb6a2c1244438459001fe423542b4f501a7edcd6cbc21f63238eb3fd73ed
Voice,Optional,2,0,1,1,0,1,1,0,1,1,0,1,1,0,1,1,0,1,0,0,0,0,0,0,0,0,0,0,0,0,1,0,1,7843a1b0730b087ceb4d4f0d083e6c62ebbdeffa8e98cd3fa2980dc8ab41e72e
Text,Optional,0,1,0,0,0,0,0,5,1,0,1,1,0,1,1,0,4,1,0,0,0,0,0,0,0,0,0,0,0,0,0,1,1,cec995bfc7c48bca8f92e3b47c398bc729bb8b47a52380c5df42d31054b62ed9
Optional,Optional,0,0,0,0,0,0,0,0,0,0,0,0,0,0,0,0,0,0,0,0,0,0,0,0,0,0,0,0,0,0,0,0,0,0437d29f998b1af3f7daf6e6f7969d2af796636ae5a36b571d55467ab8180317
Text,Optional,0,1,1,0,4,1,0,1,1,0,1,1,0,2,1,0,1,1,0,3,1,0,2,1,0,0,0,0,0,0,0,0,0,f8c8034f91498970dd277101ad21e18965bbab77c80ed91e97464dcc35316d05
Optional,Optional,0,1,1,0,1,1,0,1,1,0,1,1,0,1,1,0,1,1,0,1,1,0,1,1,0,1,1,0,1,1,0,1,1,bd284fed6ea7828d0ee685a403d70f0eb185e7195c8a91ffdd1bd9616b910441
Optional,Optional,0,0,0,0,0,0,0,1,1,0,1,1,0,1,1,0,1,1,1,0,1,1,0,1,1,0,1,1,0,1,1,0,1,c8ce599885cb77b503f3cd01617f68d25b7470469ab6befb5d74d4dfe59cfae6
Optional,Optional,1,0,1,0,1,1,1,0,1,1,0,1,3,1,1,1,0,1,0,3,1,1,1,1,1,0,1,1,0,1,0,0,0,3acd49bb1f0f635515d1971141932618d3f5d83f31761c5beb2a422483e8b1f2
Text,Optional,0,1,1,0,2,1,0,1,1,0,1,1,0,1,1,0,1,1,0,1,1,0,1,1,0,1,1,0,1,1,0,2,1,3e876770936e3072f2319b32d5e46e57e7d6a92413e2ba1acf7f63d671a4ce8c
Text,Optional,0,1,1,0,2,1,0,1,1,0,1,1,0,1,1,0,1,1,0,1,1,0,1,1,0,1,1,0,1,1,0,1,1,4e5dbce44060732dd99e0c61e10b62f5404298de08a1d802f2e29cc515c4171a
Optional,Optional,0,0,0,0,0,0,0,0,0,0,0,0,0,0,0,0,0,0,0,0,0,0,0,0,0,0,0,0,0,0,0,0,0,eafe867bd9673f320d2144c245b97cc7ec8f263b0bff28693450f69e09eea053
Text,Optional,0,1,1,0,2,1,0,1,1,0,2,1,0,1,1,0,4,1,0,1,1,0,3,1,0,0,0,0,0,0,0,1,1,74742c34fc28bbb457b733ce7beab8e67e369a6c3dd8f138e7f14e74a44cc945
Voice,Optional,3,0,1,1,0,1,3,0,1,1,0,1,1,0,1,1,0,1,1,0,1,2,0,1,1,0,1,1,0,1,0,1,1,3783b5eb70bc898007da0516e0cf839fdd848348f8e259f9bd226c4458307a53
Voice,Optional,2,0,1,1,0,1,0,0,0,1,0,1,1,0,1,1,0,1,1,0,1,1,0,1,0,0,0,0,0,0,1,0,1,8f260b31da6aafa225891a1b9b4f9514ee7c3a6f915e8d0a111302d06e6b4d9f
Optional,Optional,0,0,0,0,0,0,0,1,1,0,0,0,0,3,1,0,1,1,0,1,1,0,2,1,0,1,1,0,1,1,0,0,0,e1b1301e349b3c7f8834854237c38eddf5ee16ad1205db7a166c70c0f5bb2183
Voice,Optional,0,0,0,0,0,0,0,0,0,0,0,0,0,0,0,0,0,0,0,0,0,0,0,0,2,0,1,1,0,1,0,1,1,1668d4c605dabf41f4a3e6c0936ab3b81ae812966c506a2950c0136216642ff1
Voice,Optional,1,0,1,1,0,1,2,0,1,1,0,1,1,0,1,1,0,1,1,0,1,2,0,1,1,0,1,1,0,1,0,0,0,7db84e72e33c5e2d9f7dcd99eb9efb6e1d8aa269be1636f9f915f22068d99415
Text,Optional,0,1,1,0,1,1,0,1,1,0,1,1,0,1,1,0,1,1,0,1,1,0,1,1,0,1,1,0,1,1,1,0,1,d64624d7ccafe1199da9a345ff3f2ee520df11ff8a570ab77b3cc664b2621b77
Optional,Optional,0,1,1,0,2,1,0,1,1,0,1,1,0,1,1,0,1,1,0,1,1,0,1,1,0,1,1,0,1,1,0,1,1,deb4779ac1b3d9bb96389c685b8ddca07989977d588ed169d7bb5e598c6f5afc
Voice,Optional,1,0,1,2,0,1,1,0,1,1,0,1,1,0,1,1,0,1,1,0,1,1,0,1,1,0,1,1,0,1,1,0,1,b96a32e3d2e23655501864d6b652d4bdaacb5a3335abfa98c84fc6541d8e6e25
Optional,Optional,0,1,1,0,1,1,0,1,1,0,1,1,0,1,1,0,1,1,0,1,1,0,1,1,0,1,1,0,1,1,0,1,1,1cf63741ca3c9769c9d56398e71bb44e0f9039ee69bb63fce84a8bde639865ef
Text,Optional,0,1,1,0,1,1,0,1,1,0,1,1,0,1,1,0,1,1,0,1,1,0,1,1,0,1,1,0,1,1,0,1,1,78b58ff8c31ffae5b46efe9d1dafa0ada146f1365b608dfde694dd5e35dfdeb6
Voice,Optional,1,0,1,1,0,1,1,0,1,1,0,1,1,0,1,1,0,1,1,0,1,2,0,1,1,0,1,1,0,1,1,0,1,ee448747f22063cdc6a880c87930516460f7199b868b1c95bf3e769467a05991
Optional,Optional,0,1,1,0,1,1,0,1,1,0,2,1,0,1,1,0,1,1,0,1,1,0,1,1,0,1,1,0,1,1,0,0,0,617c0629b9d10f493b2137a0cce5afaddfb482cc9e34a94b323bea12d00cf57c
Text,Optional,0,1,1,0,1,1,0,1,1,0,1,1,0,1,1,0,1,1,0,1,1,0,1,1,0,1,1,0,1,1,0,1,1,cd870d7539daaddbb4c89effc3fb72ca60a58fc653a23bf4d7fbcb5dadb9b9d5
Text,Optional,0,0,0,0,0,0,0,0,0,0,0,0,0,0,0,0,0,0,0,0,0,0,0,0,0,0,0,0,0,0,0,0,0,e205212de50c0cd90709caba99d7728b344b352658d36fcc60f670975608448e
Text,Optional,0,3,1,0,2,1,0,2,1,0,1,1,0,1,1,0,2,1,0,5,1,0,2,1,0,2,1,0,1,1,0,2,1,957bace8310513eaf3df8c299c34c0617661807ddddce36b36e6d3136ce579ed
Optional,Optional,1,0,1,1,0,1,3,4,1,1,3,1,0,2,1,0,2,1,0,1,1,0,4,1,0,2,1,0,1,1,1,0,1,4023a123ff215f68e4d92861102343b80cb36355fb6f867ff31a331e783be334
Voice,Optional,2,0,1,1,0,1,1,0,1,1,0,1,1,0,1,4,0,1,1,0,1,1,0,1,4,0,1,1,0,1,0,1,1,75ae3ea3db0887e12080f81148e8f5b70a8308ef54f19b1f23a087a9b149799f
Text,Optional,0,1,1,0,3,1,0,1,1,0,1,1,0,1,1,0,1,1,0,1,1,0,1,1,0,1,1,0,1,1,0,2,1,cc571e5644a7b455ffaf6b601416c14d52ee881d5e55658d2c32c9c2737fea11
Voice,Optional,1,0,1,1,0,1,1,0,1,1,0,1,1,0,1,1,0,1,1,0,1,1,0,1,1,0,1,1,0,1,1,0,1,2e2b7c97727ee6728ee2154747227adbf8fd85b21b3492ff5559259ecf1a16b2
Optional,Optional,0,1,1,0,1,1,0,1,1,0,1,1,0,1,1,0,1,1,0,1,1,0,1,1,0,1,1,0,1,1,0,1,1,7cb6a6a982054121c6dbb58bca9744b7a5577de43a5a00a962f7d3f5a168fa08
Optional,Optional,0,1,1,0,1,1,0,1,1,0,1,1,0,1,1,0,1,1,0,1,1,0,1,1,0,1,1,0,1,1,0,1,1,098f6971aff1ae7ef2c16bf5e88c9bd7aa963d98129d632196b04d7a1e65ff28
Text,Optional,0,1,1,0,1,1,0,1,1,0,1,1,0,1,1,0,1,1,0,1,1,0,1,1,0,1,1,0,1,1,0,1,1,0dda45f2f965b88780248392b055ed34509de50d112ede9a53c3b7638f8e52d6
Voice,Optional,0,0,0,0,0,0,5,0,1,2,0,1,1,0,1,1,0,1,3,0,1,1,0,1,4,0,1,1,0,1,1,0,1,529cf310540649410ae7c6f2ded7d8489e96fa19c91a5d9d9101f5c14b586b31
Text,Optional,0,2,1,0,4,1,0,5,1,0,5,1,0,3,1,0,3,1,0,2,1,0,2,1,0,2,1,0,1,1,0,1,1,3bfce56d109790d51e145fda5a8658bed6884266166b22a53bc410590de6a125
Voice,Optional,1,0,1,1,0,1,0,0,0,0,0,0,1,0,1,1,0,1,1,0,1,1,0,1,1,0,1,1,0,1,1,0,1,d9b1aa574e75e2685804b72f8996d2d2a6407fd24adfefccabdf76d184efe509
Optional,Optional,0,1,1,0,1,1,0,1,1,0,1,1,0,1,1,0,1,1,0,1,1,0,1,1,0,1,1,0,1,1,0,1,1,f4365a1fbf619a69bda806c1ae08d9ba6c095682abf39d31ad6eedd7951bf7d5
Voice,Optional,5,0,1,0,0,0,0,0,0,0,0,0,0,0,0,0,0,0,6,0,1,2,0,1,1,0,1,1,0,1,1,0,1,a7dad128697d4b3974c367380c1a16daee36c3370a50ddeb95022b10eadacdac
Text,Optional,0,1,1,0,1,1,0,1,1,0,1,1,0,1,1,0,1,1,0,1,1,0,1,1,0,1,1,0,1,1,0,1,1,ce81bc206966343d0e649164a81047307fbdf28ffe8f3a2672780ffe4a7e3c49
Text,Optional,0,2,1,0,3,1,0,1,1,0,1,1,0,2,1,0,1,1,0,1,1,0,1,1,0,1,1,0,1,1,0,2,1,dbbf2c3a3f1d62cdf87b37625eb8a692b6a1b2cea3c5a48de7f11d1f731d5acc
Text,Optional,0,0,0,0,0,0,0,0,0,0,0,0,0,1,1,0,3,1,0,0,0,0,0,0,0,0,0,0,0,0,0,0,0,9111769f4f50444475fd7ff18faa438bd98c1c0713476cfd036e40113e8c6bcd
Voice,Optional,0,0,0,0,0,0,0,0,0,3,0,0,0,0,0,0,0,0,0,0,0,0,0,0,0,0,0,0,0,0,0,0,0,96451b00f7f6598acfb2f0b9ae8778b087fb07ca7abed8536594f7afddd6436d
Optional,Optional,0,1,1,0,8,1,0,5,1,0,2,1,0,4,1,0,1,1,0,5,1,0,7,1,0,2,1,0,3,1,0,1,1,61c8afbba02324c59bba505c8531a7ad64a2c4dbc9c34bb03243eee53f6401d9
Optional,Optional,0,1,1,2,1,0,0,1,1,0,1,1,0,1,1,0,1,1,0,1,1,0,3,1,0,1,1,0,1,1,0,1,1,f37a9f2cc67c4a790aec6e537e6863cf16df0c5e192646fb0b296efc2cc81e69
Voice,Optional,3,0,1,1,0,1,1,0,1,1,0,1,1,0,1,1,0,1,1,0,1,1,0,1,1,0,1,1,0,1,0,1,1,82effcd94f6869f765ef058252c0e6e53ce3a9e7b32c9a8e02feffef8c577c6c
Text,Optional,0,1,1,0,1,1,0,1,1,0,1,1,0,2,1,0,1,1,0,1,1,0,1,1,0,1,1,0,1,1,0,1,1,946807888aebcc3bf0619620544faf5bee9280bc79483ea01a28500ec8433a5e
Optional,Optional,0,1,1,0,1,1,0,1,1,0,1,1,0,0,0,0,0,0,0,1,1,0,1,1,0,1,1,0,1,1,0,1,1,54e4c3fc19a3d96ba03cff783bb39533f7962f2268ae5789035d49bde1b86eb8
Text,Optional,0,2,1,0,0,0,0,3,1,0,2,1,0,2,1,0,1,1,0,2,1,0,2,1,0,1,1,0,1,1,0,1,1,4d92761dbb1ecdbe9c4119c87d66ace137b235a3fc5c981bb13c9567a0e37c83
Text,Optional,0,1,1,0,1,1,0,2,1,0,2,1,0,3,1,0,2,1,0,1,1,0,1,1,0,1,1,0,1,1,0,1,1,5aa2d78ef78a34cc0d128830988b7f9f397e18ae2f8ab63109022b0fd4801281
Optional,Optional,0,1,1,0,2,1,0,2,1,0,3,1,0,1,1,0,1,1,0,1,1,0,35,1,0,1,1,0,1,1,0,0,0,1f413e8990f585e42d492b4c4f0e0c50d45cc1efa19c678c274ed9ba8beeb506
Voice,Optional,1,0,1,1,0,1,1,0,1,1,0,1,1,0,1,1,0,1,1,0,1,1,0,1,1,0,1,1,0,1,1,0,1,4a5df670f0af04b8407ea3aed08c48681150204bf7831a22c7f09304de31ac1d
Optional,Optional,0,1,1,0,5,1,0,2,1,0,2,1,0,2,1,0,2,1,0,0,0,0,0,0,0,0,0,0,0,0,0,0,0,6dc5ee7017298838ed7e0aaec6090f25e3227396a87cbbd8c080f7c044954ccb
Optional,Optional,0,1,1,0,2,1,0,1,1,0,1,1,0,1,1,0,1,1,0,1,1,0,2,1,0,1,1,0,2,1,0,1,1,a6cdae5bf2b7ae41fa610bc4a0b9efd96ed56f52012f83faf60a51a9305bf6be
Optional,Optional,0,1,1,0,1,1,0,1,1,0,1,1,0,1,1,0,1,1,0,1,1,0,1,1,0,2,1,0,1,1,0,2,1,e3cdb1681a41226e4176100e239bbbf97d27c0d4eddba942bd103ffd2b5a0c6f
Voice,Optional,6,0,0,1,0,0,1,0,0,1,0,0,1,0,0,1,0,0,1,0,0,1,0,0,1,0,0,1,0,0,2,0,0,4b596d6e8626e7f98c4a803e81020b5f3df9df8646b3a547ce81e0adbf88717e
Optional,Optional,0,1,1,0,1,1,0,1,1,0,1,1,0,1,1,0,1,1,0,1,1,0,1,1,0,1,1,0,1,1,0,0,0,851cfa2c7a159f2b8ef12e05eff28f9438d0515bafbd4e07a18cd12a9d1d0023
Voice,Optional,1,0,0,0,0,0,3,0,1,2,0,1,1,0,1,1,0,1,1,0,1,5,0,1,0,0,0,0,0,0,0,1,1,143c0b53515c083c5ea6496b3de27ce15ee15f89386c1a140db65d47a4778e89
Voice,Optional,1,0,1,1,0,1,1,0,1,1,0,1,1,0,1,1,0,1,1,0,1,1,0,1,1,0,1,1,0,1,1,0,1,1ff4d2f6bf17778ca467cca591117261f3a7f0cb38b12d5dcd3b5ff1f808efc5
Voice,Optional,1,0,1,2,0,1,1,0,1,1,0,1,1,0,1,1,0,1,1,0,1,1,0,1,1,0,1,1,0,1,0,1,1,cb6c803cf6d079db978ca8f8684e8d0763070dd57c38a3633c541fb5921bd0fa
Optional,Optional,0,1,1,0,1,1,0,1,1,0,1,1,0,1,1,0,1,1,0,1,1,0,1,1,0,1,1,0,1,1,0,1,1,0b132b3a806eabe1e2b84e01df8cc1599944db2721ffa8264a0d7a3c0ed60d76
Optional,Optional,0,1,1,0,1,1,0,1,1,0,1,1,0,1,1,0,1,1,0,1,1,0,1,1,0,1,1,0,1,1,0,1,1,e4c80189e731e87a9bd17f8eded4273f90a1c7e4c94873e79298eb497618a6ac
Text,Optional,0,2,1,0,1,1,0,1,1,0,1,1,0,0,0,0,0,0,0,1,1,0,2,1,0,1,1,0,1,1,0,0,0,25f5546984850ca30d76b26424de4261f7a4d81a98ef3ef55e60786f306341e4
Text,Optional,0,3,1,0,0,0,0,3,1,0,2,1,0,1,1,0,1,1,0,1,1,0,3,1,0,1,1,0,1,1,0,3,1,adf61b54dd206bdff9f350c3778c75d5ae98fd426524278db550dd369da03d80
Text,Optional,0,1,1,0,0,0,0,1,1,0,1,1,0,1,1,0,1,1,0,1,1,0,2,1,0,1,1,0,1,1,0,3,1,7ca9e6d31fb0b5c4ec9710f7df8935d0165b0b6720c9ef3a40094fb521557064
Optional,Optional,0,0,0,0,0,0,0,1,1,0,1,1,0,1,1,0,1,1,11,2,1,0,1,1,1,0,1,1,0,1,0,1,1,438fd917d32cb19ff641eb15dd0e1a722e7bdcc4f435c0767c395577beb6da68
Voice,Optional,3,0,1,2,0,1,1,0,1,1,0,1,1,0,1,1,0,1,1,0,1,1,0,1,1,0,1,1,0,1,1,0,1,f91f48302b748b6d5b64a604e6707a6c01838340b3e6f36161d23967869964a4
Voice,Optional,1,0,1,2,0,0,1,0,1,1,0,1,1,0,1,1,0,1,1,0,1,1,0,1,1,0,1,1,0,1,0,1,1,6ef71d28476aae9252f8d3b77c544d3fe61ca438d1e459da5532f3b253f53905
Optional,Optional,0,1,1,0,1,1,0,1,1,0,1,1,0,1,1,0,1,1,0,0,0,0,0,0,0,0,0,0,0,0,0,1,1,3b31bef460053bf7f7ffd3c0dcb510480cb9b9352bae4acc2084bf245518149d
Text,Optional,0,3,1,0,2,1,0,1,1,0,1,1,0,2,1,0,1,1,0,0,0,0,0,0,0,3,1,0,1,1,0,1,1,cb1680e67265ed140642bf5151c7844d1b7d1d85971143d231b9f87f76be736a
Voice,Optional,1,0,1,1,0,1,8,0,1,1,0,1,1,0,1,1,0,1,1,0,1,1,0,1,1,0,1,1,0,1,0,1,1,e672033452224a064a15ab68da7694468a4143bf49eb184ae8603e80a41d0154
Optional,Optional,0,1,1,0,1,1,0,1,1,0,1,1,0,1,1,0,1,1,0,1,1,0,1,1,0,1,1,0,8,1,0,1,1,66075247dd6c76541e78dcc8927c9fa21346ffc673c329bdc3aabe3d5265c1ad
Text,Optional,0,1,1,0,1,1,0,1,1,0,1,1,0,1,1,0,1,1,0,1,1,0,1,1,0,1,1,0,1,1,0,1,1,d97035a7d61053a45213955b1c7d4ba428c1497dde6da5a7ab6a5a4481e34523
Optional,Optional,0,1,1,0,2,1,0,1,1,0,2,1,0,1,1,0,1,1,0,1,1,0,1,1,0,0,0,0,0,0,0,3,1,46f9adc67324f3f6537487ca65c533d19d7ed3c52fdaed79c5dddd3ae192d28d
Voice,Optional,0,0,0,0,0,0,2,0,1,3,0,1,1,0,1,1,0,1,0,0,0,0,0,0,0,0,0,0,0,0,0,0,0,82986b38273f8b473074c92934ccd883ef8dfa996198ed8dd3855059a88c9cd2
Voice,Optional,1,0,1,1,0,1,1,0,1,7,0,0,1,0,0,2,0,0,1,0,1,1,0,1,0,0,0,0,0,0,1,0,1,33000b2e2ba9312b42718c0393182302908309b6e5ca0988f9a19308543e5f48
Text,Optional,0,1,1,0,1,1,0,1,1,0,2,1,0,1,1,0,1,1,0,1,1,0,1,1,0,2,1,0,1,1,0,1,1,f475e84fbc47c76f1be2057b56d78f19440db0decf38d00539d31da7fbde351d
Optional,Optional,0,2,1,0,1,1,0,1,1,0,2,1,0,1,1,0,1,1,0,0,0,0,0,0,0,0,0,0,0,0,0,0,0,736bc1dfbdcb16c4f9ca1bd5311aef8ab5b59574029f5ea336e65893acd4657c
Text,Optional,0,1,1,0,1,1,0,1,1,0,1,1,0,1,1,0,1,1,0,1,1,0,1,1,0,1,1,0,1,1,0,1,1,3d569dc33ad5a002a721dd2e72c23156c14ea88c7f0e03120e580e187e2e5593
Voice,Optional,0,0,0,0,0,0,0,0,0,0,0,0,0,0,0,0,0,0,0,0,0,1,0,1,0,0,0,0,0,0,0,0,0,6bf2c05f14ecd9b04029dc9e6e8f3d38265f0875568972a5d4ca52ad5324075b
Text,Optional,0,1,1,0,1,1,0,1,1,0,1,1,0,1,1,0,1,1,0,1,1,0,1,1,0,1,1,0,1,1,0,1,1,e87c926952a4a7acfe5c040b2ff8521cfea68408fe12dbdc76543fcdb3a5d2fc
Voice,Optional,5,0,0,1,0,0,3,0,1,1,0,1,0,0,0,0,0,0,1,0,1,1,0,1,0,0,0,0,0,0,0,1,1,bda13f2f30fa994f1b373444624b90af12486ffe081f76d7193441f7406c3c4f
Text,Optional,0,0,0,0,0,0,0,1,1,0,1,1,0,1,1,0,1,1,0,2,1,0,1,1,0,0,0,0,0,0,0,1,1,eafe9477889e8eae002c260c05c23f7d23739853ba841cd9dcfe4d72ce1dea1b
Optional,Optional,0,1,1,0,1,1,0,1,1,0,1,1,0,1,1,0,1,1,0,1,1,0,1,1,0,1,1,0,1,1,0,1,1,4064300e4b7ecfff489b1372b9cff99b1515a8e6652ae8b240062e5680c56ddd
Text,Optional,0,1,1,0,1,1,0,1,1,0,1,1,0,1,1,0,1,1,0,1,1,0,1,1,0,1,1,0,1,1,0,1,1,a462eb59ebe9a8402fd4c572e73400221e1aeb40c3430be2c4f80ce72b0cd2d5
Text,Optional,0,0,0,0,0,0,0,1,1,0,1,1,0,1,1,0,1,1,0,2,1,0,1,1,0,1,1,0,1,1,0,1,1,76f467a56da84d1bbe7a072258905edf10a70ef2ec3fbb3e7ac3f12e73285b5a
Text,Optional,0,1,1,0,1,1,0,0,0,0,0,0,0,0,0,0,0,0,0,1,1,0,1,1,0,2,1,0,2,1,0,0,0,eb39f865d2d93792deae5ab709c91fe4746307479fd281efda6b773a298c0368
Voice,Optional,1,0,1,1,0,1,1,0,1,1,0,1,1,0,1,1,0,1,1,0,1,1,0,1,0,0,0,0,0,0,0,1,1,a458d54d97ddb001f618f62b64d14b558e6eea75054ceba94ddfe251807c4eef
Text,Optional,0,1,1,0,1,1,0,1,1,0,1,1,0,1,1,0,1,1,0,1,1,0,1,1,0,0,0,0,0,0,0,0,0,93f3cf3ff6cbe925b0182345c57f8d7ed08d51970bd8697794a000e9b3f74bb5
Optional,Optional,0,1,1,0,1,1,0,1,1,0,1,1,0,1,1,0,1,1,0,2,1,0,2,1,0,1,1,0,1,1,0,1,1,3c931315b30e283a5fcbad79afe3b3c7a8c25da6bde41b65934033c454051f65
Optional,Optional,0,1,1,0,2,1,0,1,1,0,2,1,0,1,1,0,1,1,0,2,1,0,1,1,0,1,1,0,1,1,0,1,1,94f252b43902c0d787600751892a4feffc28ac4f4536614bbc875d12974b6ae2
Optional,Optional,0,1,1,0,2,1,0,1,1,0,1,1,0,1,1,0,1,1,0,1,1,0,1,1,0,1,1,0,1,1,0,1,1,f6dd03129a44b1ea381d92faaaf2ebd6b115d9606b64543b85c60fb65ef3546d
Text,Optional,0,1,1,0,1,1,0,1,1,0,1,1,0,1,1,0,1,1,0,1,1,0,1,1,0,1,1,0,1,1,0,1,1,f66572773568d69974c8822af149c070383a065aa688f1dc54d85c76512b4426
Text,Optional,0,0,0,0,0,0,0,1,1,0,1,1,0,1,1,0,1,1,0,2,1,0,1,1,0,1,1,0,1,1,0,1,1,0bba08adc4fead79d4aa6b1259607b427f8bd7b8f8782106b639ef42eb969bb1
Voice,Optional,0,0,0,0,0,0,0,0,0,0,0,0,0,0,0,0,0,0,0,0,0,0,0,0,0,0,0,0,0,0,0,1,1,07a4baab1b1c20bf9b0f3974ef943eb7067124b7a3b099f5f3053fbe62d9b930
Voice,Optional,1,0,1,1,0,1,0,0,0,0,0,0,0,0,0,0,0,0,0,0,0,1,0,1,0,0,0,0,0,0,0,1,1,02a7195ee09234f5d81c3741f658c93b889f4d7fcaec4cd2565c1a61d895b159
Text,Optional,0,1,1,0,2,1,0,1,1,0,6,1,0,1,1,0,2,1,0,1,1,0,2,1,0,2,1,0,1,1,0,2,1,a1b292ef5c1e0ccaf105b73da7a205380e478abf8a18351e92a2c47675e67a09
Text,Optional,0,1,1,0,1,1,0,1,1,0,1,1,0,1,1,0,1,1,0,1,1,0,1,1,0,1,1,0,1,1,0,1,1,82f1e2978cb26e91acdd2d6660e9b874141b47f6a4bbaf9a36c87672e516f87f
Voice,Optional,3,0,1,2,0,1,1,0,1,1,0,1,1,0,1,1,0,1,1,0,1,1,0,1,1,0,1,1,0,1,1,0,1,113c02c71775d18372270ec2b3f0b05347b5ba4578aa608cd58533fe0dce8eb7
Optional,Optional,0,2,1,0,1,1,0,0,0,0,0,0,0,0,0,0,0,0,0,1,1,0,1,1,0,0,0,0,0,0,0,1,1,820b69ce5945725131dc20542336e687dcec6c11c4b8127916f25a378194a94a
Optional,Optional,0,0,0,0,0,0,0,0,0,0,0,0,0,0,0,0,0,0,0,0,0,0,0,0,0,0,0,0,0,0,0,0,0,3d5fe42ce5fd4ee614e4086405b50318ef3a2f8c69260c1dcb377db9b043a606
Voice,Optional,2,0,1,1,0,1,1,0,1,1,0,1,1,0,1,1,0,1,1,0,1,1,0,1,1,0,1,1,0,1,1,0,1,e9a11b7ea8299d51c2c372b5780b0470506a7f6f71df4325098a06240c8d4d28
Voice,Optional,1,0,1,1,0,1,0,0,0,0,0,0,0,0,0,0,0,0,1,0,1,1,0,1,1,0,1,1,0,1,1,0,1,5f064cf98c51bb26481a351cfeb4fd2e0e8ae8c9dc6e09ced8d6d0332ed08b57
Text,Optional,0,1,1,0,1,1,0,1,1,0,1,1,0,1,1,0,1,1,0,1,1,0,1,1,0,1,1,0,1,1,0,1,1,e99dc1868a06e253b400a2a524f5a2f68a922c696bd8ea343bc5f8f35d4fb8bf
Optional,Optional,0,1,1,0,1,1,0,0,0,0,0,0,0,0,0,0,0,0,0,1,1,0,1,1,0,1,1,0,1,1,0,0,0,4737bc88764a5cd421cd406a9df4c1c81be7585974e70a4f7c18d3b38b08035b
Optional,Optional,0,1,1,0,2,1,0,0,0,0,0,0,0,0,0,0,0,0,0,1,1,0,2,1,0,0,0,0,0,0,0,1,1,8ab31eb9f2a624284d699148e23d489126b96e4b55521ec0873400dd17f26129
Optional,Optional,0,1,1,0,1,1,0,1,1,0,2,1,0,1,1,0,1,1,0,1,1,0,1,1,0,0,0,0,0,0,0,1,1,d72f3907c59ee7ccc632a049523f8e17c14ef911a3f9f21479501fde4a39e4da
Text,Optional,0,1,1,0,1,1,0,1,1,0,1,1,0,1,1,0,1,1,0,1,1,0,1,1,0,1,1,0,1,1,0,1,1,0b0617fd6517a880b2fec48dc766394a9d5a616a895c5517417a7e5c85a71c70
Text,Optional,0,1,1,0,1,1,0,2,1,0,1,1,0,1,1,0,1,1,0,1,1,0,1,1,0,1,1,0,1,1,0,1,1,deb4fce6ebf0f8dd9ad8f97ded1c15c573d4095ba2fe35e9512f2a02cdb4bf6a
Optional,Optional,0,1,1,0,1,1,0,1,1,0,1,1,0,1,1,0,1,1,0,1,1,0,1,1,0,1,1,0,1,1,0,1,1,c11d25f8145562a90fe56cb6798d6902bf4078339a2c375de4f98a7f6465f2ba
Voice,Optional,1,0,1,5,0,1,1,0,1,2,0,1,1,0,1,1,0,1,1,0,1,3,0,1,1,0,1,2,0,1,1,0,1,3cf62e6255886d69801ecf655590fb321e4598be3fe2184a7ecbd6237d7936d0
Optional,Optional,0,1,1,0,0,0,0,0,0,0,0,0,0,0,0,0,0,0,0,1,1,0,1,1,0,1,1,0,1,1,0,1,1,0015a7a2082849f3152f3102fb50bf6b23e32aa504d239a866a42c82b8a60434
Optional,Optional,0,0,0,0,0,0,0,0,0,0,0,0,0,0,0,0,0,0,0,0,0,0,0,0,0,0,0,0,0,0,0,0,0,0a384115f945b1462bf648a438dbc8ba04a0a7c8efdc12333bbf8d0193ee3106
Voice,Optional,2,0,1,3,0,1,1,0,1,3,0,1,2,0,1,1,0,1,2,0,1,1,0,1,1,0,1,2,0,1,0,1,1,f5416461b90b6d555d5000dc638bdea4e2afcec9027b0b73c3fb594b6e7eaa44
Optional,Optional,0,1,1,0,1,1,0,1,1,0,1,1,0,1,1,0,1,1,0,1,1,0,1,1,0,1,1,0,1,1,0,1,1,e638eff9fb17074b7fd1eb90be2389db43f6e9140c4ef120f2b877c21703f07d
Optional,Optional,0,1,1,0,1,1,0,1,1,0,1,1,0,1,1,0,1,1,0,1,1,0,1,1,0,1,1,0,1,1,0,1,1,4719911da4c6c8a0c3a4a3fef18bf1009bee4b4d743d77231c4a6ec3b29d8bd6
Voice,Optional,5,0,1,1,0,1,8,0,1,6,0,1,1,0,1,1,0,1,1,0,1,1,0,1,0,0,0,0,0,0,0,1,1,a8ee5ac3907920349cc662ace733384183d26bc50bd2c7c5c05578ee335b257e
Voice,Optional,1,0,1,1,0,1,0,0,0,0,0,0,0,0,0,0,0,0,1,0,1,1,0,1,1,0,1,1,0,1,0,1,1,42eade4bb76a6a7a8efdadf427e67aa64f3a7119aa2dd3567498e366074dd79a
Text,Optional,0,1,1,0,2,1,0,1,1,0,1,1,0,1,1,0,1,1,0,1,1,0,1,1,0,1,1,0,1,1,1,1,1,6a603395ca6aa8d63662abdced3dc564916f76523c1d58ceb43e640b8db66336
Text,Optional,0,0,0,0,0,0,0,0,0,0,0,0,0,0,0,0,0,0,0,0,0,0,0,0,0,1,1,0,1,1,0,1,1,a76011794d482db735f08dd2c6fddd6e69299f1c70769498d034f7a015cbc0b5
Voice,Optional,1,0,1,1,0,1,1,0,1,1,0,1,1,0,1,1,0,1,3,0,1,1,0,1,1,0,1,1,0,1,0,1,1,957d9fe73fd239fec5f99f99d51d2f9a7fbe76e7c09f30f52f730ea8198f7e1d
Voice,Optional,1,0,1,1,0,1,1,0,1,1,0,1,1,0,1,2,0,1,1,0,1,1,0,1,1,0,1,1,0,1,0,1,1,0a88e19d3655ca632e491546d69dc79f3c8ecd06980f83045fe931c0ac878062
Optional,Optional,0,1,1,0,1,1,0,1,1,0,1,1,0,1,1,0,1,1,0,1,1,0,1,1,0,1,1,0,1,1,0,1,1,d3818f178de2bf26eb1ae6d8827d6d7531912a0c8c9e14d412a44765473db70d
Voice,Optional,3,0,1,1,0,1,1,0,1,1,0,1,1,0,1,1,0,1,1,0,1,1,0,1,1,0,1,1,0,1,1,0,1,412c29360ce0945d6e380abca8c1f2bce5e4d94f8cfbccdbab24d5166eabbdbd
Optional,Optional,0,2,1,0,1,1,0,0,0,0,0,0,0,0,0,0,0,0,0,1,1,0,2,1,0,0,0,0,0,0,0,0,0,7bca1eb91361f3a23e28b11e446c4983366783b0a00e4105d5e02ff4fd166fec
Text,Optional,0,1,1,0,2,1,0,1,1,0,1,1,0,1,1,0,1,1,0,1,1,0,2,1,0,1,1,0,1,1,0,1,1,ce824ff5a1d78e8ee2b7ee5d997e1ef0f554d56ee5249f8bec3623b1220cbc1d
Text,Optional,0,1,1,0,1,1,0,0,0,0,0,0,0,0,0,0,0,0,0,1,1,0,2,1,0,0,0,0,0,0,0,2,1,07f684bc107fdd00f57bf5bec749b7b18a29207eda66c5e82b9d9bcc15f193cc
Voice,Optional,1,0,1,3,0,1,1,0,1,1,0,1,1,0,1,1,0,1,1,0,1,1,0,1,1,0,1,1,0,1,1,0,1,2a9e5dd3db51aaccc876a2a159623526aac9ca8491982dacbdcca65ac6f0db00
Text,Optional,0,1,1,0,1,1,0,1,1,0,1,1,0,1,1,0,2,1,0,1,1,0,1,1,0,1,1,0,1,1,1,0,1,88052916d34403b89418cc8af69e155b666085d6f00a98174b7eb26251d1d43a
Optional,Optional,0,1,1,0,1,1,0,1,1,0,1,1,0,1,1,0,2,1,0,1,1,0,1,1,0,1,1,0,1,1,0,1,1,e7f1b4e3e918179b29ea4364036b5ebe175702a67fad91f84000f0ddc86ef528
Text,Optional,0,1,1,0,1,1,0,1,1,0,1,1,0,1,1,0,1,1,0,1,1,0,1,1,0,1,1,0,1,1,0,1,1,a44f81a9c9942f7f3202fad5c9f48aefdec95df91fd83ce98426cd487cf96f65
Text,Optional,0,1,1,0,4,1,0,1,1,0,2,1,0,1,1,0,1,1,0,1,1,0,1,1,0,1,1,0,1,1,0,2,1,1c3cc2f8d15d2b7a8e1d7578613b869874e26d99b8f0ecd301d5e6efbeb2b66f
Voice,Optional,1,0,1,1,0,1,1,0,1,1,0,1,1,0,1,1,0,1,1,0,1,1,0,1,1,0,1,1,0,1,1,0,1,0a53e4f60d374ec052328fd6b1544479288f902298ca453a705b190f0436e5c0
Text,Optional,0,2,1,0,1,1,0,1,1,0,2,1,0,1,1,0,1,1,0,1,1,0,1,1,0,1,1,0,1,1,0,1,1,397c8384107d1aa2acb98938ba044fc1d1276ed80a01e47ac9cbdc66f1daa857
Optional,Optional,0,1,1,0,3,1,0,0,0,0,0,0,0,0,0,0,0,0,1,0,1,4,2,1,0,0,0,0,0,0,0,3,1,375d64d8c01ef91a24459cf1d19a05e24b6c6ee7b1773fd3dfa9ac0f4f4630e6
Text,Optional,0,1,1,0,1,1,0,0,0,0,0,0,0,0,0,0,0,0,0,1,1,0,1,1,0,1,1,0,1,1,0,0,0,0da3aafdd4d5303af34fc2f7c4b36deced62dbb6cd8b69134973e7609085cec9
Voice,Optional,1,0,1,1,0,1,2,0,1,1,0,1,1,0,0,8,0,1,1,0,1,5,0,1,1,0,1,1,0,1,0,0,0,674f0fcd1a9a291f7dbc761d7f6687a881ddd6fc25a1eaf3781a7edb7f08f5fa
Optional,Optional,0,1,1,0,1,1,0,1,1,0,1,1,0,1,1,0,1,1,0,1,1,0,1,1,0,1,1,0,1,1,0,1,1,f33d904ce5388634b74aec52deb50dca182c38b898887dc76cb8bb400452af38
Voice,Optional,1,0,1,3,0,1,0,0,0,0,0,0,0,0,0,0,0,0,1,0,1,1,0,1,0,0,0,0,0,0,0,1,1,6ba96c686a3417220237876f0b81e07030912541463ce7af4a59b3b64291580d
Text,Optional,0,1,1,0,1,1,0,2,1,0,1,1,0,1,1,0,1,1,0,1,1,0,1,1,0,1,1,0,1,1,0,1,1,68f5ea08cbe54b141ffa8bb4ad1e4c54fc6882a2b33cf693a32f4cfbd9576496
Voice,Optional,2,0,1,1,0,1,1,0,1,1,0,1,1,0,1,1,0,1,1,0,1,1,0,1,1,0,1,1,0,1,1,0,1,cd7755df69bb4513d068a9bf13483b3f6597edfbf8580ed77927602b3cf63b49
Voice,Optional,3,0,1,2,0,0,1,0,1,1,0,1,1,0,1,2,0,1,1,0,1,1,0,1,0,0,0,0,0,0,1,0,1,ccb965a9ec590526b27e425fea3afadb0f28e0a5ae364db0d27502b32eeda6d1
Voice,Optional,1,0,1,1,0,1,1,0,1,1,0,1,1,0,1,1,0,1,1,0,1,1,0,1,7,0,0,1,0,1,0,1,1,0b2a94fec197291d67e4ad17671e5715c021cc5da1121886cc1834e879353716
Voice,Optional,0,0,0,0,0,0,0,0,0,0,0,0,0,0,0,0,0,0,0,0,0,0,0,0,0,0,0,0,0,0,0,1,1,3b62ef8d69f4e517a734ccb9e56e3eaa69f09323328ad8700e438948ae80d7fc
Text,Optional,0,1,1,0,5,1,0,2,1,0,2,1,0,2,1,0,1,1,0,1,1,0,2,1,0,1,1,0,1,1,0,2,1,74f0fb60d102c3f496e07a9ae8ef704f6ea2989c05980785cd58dac284ed787f
Text,Optional,0,1,1,0,2,1,0,2,1,0,1,1,0,1,1,0,1,1,0,1,1,0,1,1,0,0,0,0,0,0,0,1,1,fdc202944b660c32dc96c022bd4be1e3e1386efa5efc40c15115d07e5104298c
Voice,Optional,1,0,1,7,0,1,1,0,1,1,0,1,1,0,1,1,0,1,2,0,1,2,0,1,2,0,1,2,0,1,0,1,1,c693ca7c20be62b72c37a5aa895cd8d8d2a0b44dfef66584541ec851c8233fbb
Voice,Optional,2,0,1,1,0,1,2,0,1,1,0,1,1,0,1,1,0,1,1,0,1,1,0,1,1,0,1,1,0,1,0,1,1,19d6e2e64c9d06910ae24c7bb189f66f38a9571ca0b302aa14c6de3d78f22a1a
Optional,Optional,0,1,1,0,1,1,0,1,1,0,1,1,0,0,0,0,0,0,0,0,0,0,0,0,0,1,1,0,0,0,0,1,1,e4423c7dd14f9b9bb918164e1a38b9bda12b27061d5d463312dd873e5685932f
Optional,Optional,0,1,1,0,1,1,0,2,1,0,1,1,0,1,1,0,1,1,0,2,1,0,1,1,0,1,1,0,2,1,0,2,1,6280d5717169df5df338f7f5132c16d97e975536e44a5e3c7ab482a634f75185
Voice,Optional,2,0,1,1,0,1,1,0,1,1,0,1,1,0,1,1,0,1,1,0,1,1,0,1,1,0,1,1,0,1,0,1,1,50974b5babec393d2e0ecaa20272808a095fe0aae2f57065580efbe419d5418e
Optional,Optional,1,2,1,1,0,1,0,3,1,1,0,1,0,4,1,0,2,1,1,0,1,1,0,1,1,0,1,1,0,1,1,3,1,c51d04f337060699b78de2f0e3fbe86577030de1767a89a30a50550685b194d7
Voice,Optional,1,0,1,1,0,1,1,0,1,1,0,1,1,0,1,2,0,1,1,0,1,1,0,1,1,0,1,1,0,1,1,0,1,a3f9adedfb6494fb5f0ffea75249d632887e0003c4f6071d0b961ca348f2ff2c
Voice,Optional,2,0,1,1,0,1,1,0,1,1,0,1,1,0,1,1,0,1,0,0,0,0,0,0,0,0,0,0,0,0,3,2,1,5fc6f9ea7c7f3e467c7b2922cb34dcc5ae5ce07d3b3c2ef12c94f2733b3fe5ca
Text,Optional,0,1,1,0,1,1,0,1,1,0,1,1,0,1,1,0,1,1,0,1,1,0,1,1,0,1,1,0,1,1,0,1,1,79d152f00185734a2007327e01b78e1273cf95f3d2ce498e4fdbf8fbe56eba46
Text,Optional,0,1,1,0,4,1,0,1,1,0,2,1,0,1,1,0,3,1,0,1,1,0,2,1,0,2,1,0,2,1,0,1,1,ce7cc032e107e3267e3b07d012d702b5477b2a291b8196b39d220136aef5d022
Optional,Optional,1,0,1,1,0,1,1,1,1,2,0,1,1,0,1,1,0,1,0,0,0,0,0,0,0,1,1,0,0,0,0,0,0,bd6c3e518d90c7a75ac6871799ddb951c45549499074b0bb0a4ef44c4be08dbc
Voice,Optional,1,0,1,3,0,1,2,0,1,2,0,1,1,0,1,4,0,1,3,0,1,3,0,1,0,0,0,0,0,0,0,1,1,68a51b2d2a7581dd0ccc7b8417dfa361e5b31f7a43c3cc192b1b43ad5df09485
Voice,Optional,1,0,1,1,0,1,0,0,0,0,0,0,1,0,0,2,0,1,2,0,1,2,0,1,2,0,1,1,0,1,3,0,1,290a3a448eb5935aa0c5fbdbd262e7ae32f0a7783df1f53fe725f533505bdeef
Optional,Optional,0,2,1,0,1,1,1,0,1,1,0,1,1,0,1,1,0,1,1,0,1,2,1,1,0,0,0,0,0,0,1,2,1,92bcf419dda74218637367adf4f15f322237cdc9afe137848b58b1b5af305724
Voice,Optional,1,0,1,1,0,1,1,0,1,1,0,1,1,0,1,1,0,1,1,0,1,1,0,1,1,0,1,1,0,1,0,1,1,a304c58ee87a95fa3018438fa04d25f3e2ca7373c46ca1f12684ec0fcbc3d6a2
Text,Optional,0,1,1,0,2,1,0,2,1,0,2,1,0,1,1,0,1,1,0,1,1,0,2,1,0,0,0,0,0,0,0,1,1,9ca8dedfe56f5fd0aeb2a1cca41ed69efe8db917164079939b8fe7d4b9495588
Optional,Optional,0,1,1,0,2,1,0,1,1,0,1,1,0,3,1,0,4,1,0,2,1,0,1,1,0,2,1,0,1,1,0,1,1,31263f950ca2b430fdfaaef11ac43b5e1bd704f83c7d4687b30f7afa685e4269
Text,Optional,0,1,1,0,1,1,0,1,1,0,1,1,0,1,1,0,1,1,0,1,1,0,1,1,0,1,1,0,1,1,0,1,1,959ae05991ccd65a98feb6462b3b349f4ee09d78c7358b19be4121456379f293
Text,Optional,0,1,1,0,1,1,0,1,1,0,1,1,0,1,1,0,1,1,0,1,1,0,1,1,0,1,1,0,1,1,0,1,1,299d5f8ff94a4775017c95b2769a8f5e3b0d83e8b07285a01cc32b25243fa95e
Optional,Optional,0,1,0,0,0,0,0,1,1,0,1,1,0,1,1,0,3,1,0,1,1,0,2,1,0,1,1,0,1,1,0,1,1,1518f00b7ba88b494dbdb4d077d58149e7e48ebac02e97e0c94711cce4de734a
Voice,Optional,1,0,1,1,0,1,1,0,1,0,0,0,0,0,0,0,0,0,1,0,1,1,0,1,1,0,1,1,0,1,0,0,0,d98970ad83f7e22c6ca6adee24f6b1e4ce48d6b8f9724ada7cc8b85bf53e524a
Optional,Optional,0,1,1,0,1,1,0,1,1,0,1,1,0,1,1,0,1,1,0,1,1,0,1,1,0,1,1,0,1,1,0,1,1,ecd46f7e09ccb65930794ab5f5585505761835b09056e2b226b32d7b7a3e9193
Text,Optional,0,2,1,0,1,1,0,1,1,0,1,1,0,1,1,0,1,1,0,1,1,0,1,1,0,1,1,0,1,1,0,1,1,07ecafff86343def4f5dbff9a09d8c1b51ebfba3df121518e8339f736320aab9
Text,Optional,0,1,1,0,1,1,0,1,1,0,1,1,0,1,1,0,1,1,0,1,1,0,1,1,0,1,1,0,1,1,0,1,1,1512465f92e46da84bf46d45c80427ea732feecebd32afebf2ceef46fdc08f94
Optional,Optional,0,0,0,0,0,0,0,1,1,0,1,1,0,1,1,0,3,1,0,0,0,0,0,0,0,0,0,0,0,0,0,0,0,aecbb04b21be98fe5841c83e0ca26cadf856c7000607246bef78a0e5710de00f
Text,Optional,0,1,1,0,1,1,0,1,1,0,1,1,0,1,1,0,1,1,0,1,1,0,1,1,0,0,0,0,0,0,0,1,1,4bab1dc32bc8c88d7fb210dfd509cba51c94fd9cfd5f99d347d0267de1dbeb0f
Text,Optional,0,1,1,0,1,1,0,1,1,0,1,1,0,1,1,0,1,1,0,1,1,0,1,1,0,0,0,0,0,0,0,1,1,1fcdf4e4ec6421815fd8b528a1ebf0a45ab10cba80dea98f0d8d7993fbaab3c5
Voice,Optional,0,0,0,0,0,0,5,0,0,0,0,0,0,0,0,0,0,0,1,0,1,2,0,1,0,0,0,0,0,0,1,0,1,2be26540d47e2ddf6500f5884f7b490528ca906a9dba5bfeb6c261a9a8c18a89
Voice,Optional,1,0,1,1,0,1,1,0,1,1,0,1,1,0,1,1,0,1,0,0,0,0,0,0,0,0,0,0,0,0,0,0,0,e4e65196668d8157397e6f3c67b7b8eb83dddca0c355146b78d61f99af3280c1
Voice,Optional,1,0,1,1,0,1,1,0,1,1,0,1,1,0,1,1,0,1,1,0,1,1,0,1,0,0,0,0,0,0,1,0,1,cbce8ab50dc22e2cafe0b98e837cbc1b3381d1a84ea16a493d45d096fa252df4
Optional,Optional,0,1,1,3,1,1,2,0,1,1,0,1,1,0,1,1,0,1,6,2,1,1,0,1,0,1,1,0,2,1,1,0,1,ad9e7c314d0e4a1082d2702a1d31c25a93b149bcbf8b5a15bb6c37528454a1d7
Optional,Optional,0,0,0,0,1,0,0,0,0,0,0,0,0,0,0,0,0,0,0,0,0,0,0,0,0,0,0,0,0,0,0,0,0,34cb23a560d1122dfb2b8441924c6b18cc6544327ef7849c3a66f0507fb146d1
Text,Optional,0,1,1,0,1,1,0,1,1,0,1,1,0,1,1,0,1,1,0,1,1,0,1,1,0,1,1,0,1,1,0,1,1,fef231d0c6258f941fcfd919192863d8bc9ffa1710b10ab1c2d5dcfca3329307
Voice,Optional,3,0,0,0,0,0,2,0,1,1,0,1,1,0,1,1,0,1,1,0,1,1,0,1,1,0,1,2,0,1,0,1,1,7f4bc5f3e7fe409be8644787dc8bf8b332f870667a130dd63cf5551e7e4d2f46
Text,Optional,0,1,1,0,1,1,0,1,1,0,1,1,0,1,1,0,1,1,0,1,1,0,1,1,0,1,1,0,1,1,0,1,1,80fd813af948d701201f48e07bfd36a3bd8c3853c3ed4133b83ee0709bb8889d
Text,Optional,0,1,1,0,2,1,0,1,1,0,1,1,0,1,1,0,1,1,0,1,1,0,1,1,0,1,1,0,1,1,0,1,1,ecc3be77c7451ae4957f2c950130713b1dc9229be3aa6a9aca59604ba76af549
Text,Optional,0,0,0,0,0,0,0,0,0,0,0,0,0,0,0,0,0,0,0,2,1,0,1,1,0,1,1,0,1,1,0,1,1,abfde43a9c7ddd4ea6658c54215e6344c0831d81a03da2e63a66249fa47044f0
Optional,Optional,0,1,1,0,1,1,0,1,1,0,1,1,0,1,1,0,1,1,0,1,1,0,1,1,0,1,1,0,1,1,0,1,1,cc8b2d294ee3b03609d1a2124a68c0e9651aac4c2bde304242e77a9f35dbfc6c
Text,Optional,0,1,1,0,1,1,0,1,1,0,1,1,0,1,1,0,1,1,0,1,1,0,1,1,0,1,1,0,1,1,0,1,1,de121d5d7ed1184230679cd2562ff9ee7962ffe678bce9544973a5bab55fc14a
Voice,Optional,0,0,0,0,0,0,1,0,1,1,0,1,1,0,1,1,0,1,1,0,1,1,0,1,1,0,1,1,0,1,0,1,1,fba0b88ff168340f87753597d7730a48fdaa210ec5693c31a7243c449aa8aa16
Text,Optional,0,1,1,0,1,1,0,1,1,0,1,1,0,1,1,0,1,1,0,1,1,0,1,1,0,1,1,0,1,1,0,1,1,40864df073ad69c233b9021eeda5ba44cdc9f7d6b96a6b8a7318be3d907d2919
Optional,Optional,0,0,0,0,3,1,0,6,1,0,0,0,0,2,1,0,3,1,0,3,1,0,9,1,0,4,1,0,2,1,0,4,1,2b1fdbbc1b294ee324f208f833a1d15ba3750f28c9716de1d731731a474d3c5e
Voice,Optional,1,0,1,4,0,1,1,0,1,1,0,1,1,0,1,1,0,1,1,0,1,2,0,1,3,0,1,4,0,1,0,1,1,21563e7001dcc525650fa452feb607ea78c70a21d7574a3d6088012bd53e1dd9
Voice,Optional,0,0,0,0,0,0,0,0,0,0,0,0,0,0,0,0,0,0,0,0,0,0,0,0,0,0,0,0,0,0,0,0,0,cb4f77e9da90b97fc1b9a4927e965ccbdd8a6d1d0b1b52b58f11b6560274dda1
Text,Optional,0,1,1,0,5,1,0,4,1,0,1,1,0,1,1,0,1,1,0,2,1,0,1,1,0,1,1,0,1,1,0,1,1,6af897382be412a712432405158667aa7f36225f2e7aeb3329fd8346800dbd27
Voice,Optional,7,0,1,1,0,1,1,0,1,1,0,1,1,0,1,1,0,1,1,0,1,1,0,1,1,0,1,1,0,1,1,1,1,fb56f55ea4e0e52459fd770088c9176fe63ce8e71385aa8d1fcad23cde705858
Optional,Optional,0,2,1,0,1,1,0,1,1,0,1,1,0,1,1,0,1,1,0,1,1,0,1,1,0,1,1,0,1,1,0,1,1,7210b346d4c0ded88cce678cc609ff714b3040630bc8bc1f0f7bdec4a124d384
Voice,Optional,7,0,1,2,0,1,1,0,1,1,0,1,1,0,1,2,0,1,1,0,1,1,0,1,1,0,1,1,0,1,0,1,1,ea673c63caff08e9e299cfb86de160ebfdb05ce18d58778f85c5852c4b40e17b
Optional,Optional,0,2,1,0,2,1,0,1,1,0,1,1,0,1,1,0,1,1,0,2,1,0,1,1,0,0,0,0,0,0,0,1,1,c5467d92d0e271800b07ed6a436f221373e6f2bc22d096ea325ffacf86edd4fd
Voice,Optional,1,0,0,2,0,0,1,0,0,0,0,0,0,0,0,0,0,0,0,0,0,0,0,0,0,0,0,0,0,0,0,0,0,cdc8d0944a8e409c95c6044fce99694ec07270a0ca916b80fe74a68bca89f01f
Voice,Optional,3,0,1,1,0,1,1,0,1,1,0,1,1,0,1,1,0,1,5,0,1,2,0,1,10,0,1,5,0,1,0,1,1,92f589ade275e6456b927fb70538bdfa9f092fc1f84871ccda1fa14d9dd8fc24
Voice,Optional,1,0,1,1,0,1,1,0,1,1,0,1,1,0,1,1,0,1,1,0,1,1,0,1,1,0,1,1,0,1,0,1,1,bcfb557e13e2fcb88789a874ea91ba31068ba9c621df0f9042426dc3220978b8
Voice,Optional,1,0,1,2,0,1,1,0,1,1,0,1,1,0,1,1,0,1,1,0,1,1,0,1,1,0,1,1,0,1,1,0,1,9d0ffd877648f45476c28e83ce6a4d5465916a77b6f84f99c0d247a7f9d66038
Text,Optional,0,1,1,0,2,1,0,1,1,0,1,1,0,1,1,0,1,1,0,1,1,0,1,1,0,1,1,0,1,1,0,1,1,de8658d4937b1e01b195b11519c199c83c346f2308104dee79dd57f5258d660c
Text,Optional,0,1,1,0,1,1,0,1,1,0,2,1,0,1,1,0,1,1,0,1,1,0,1,1,0,1,1,0,1,1,0,1,1,2057630b68b76df37875a207eb77a7aac9e0efbd12789c943411a4864869ecfe
Optional,Optional,0,1,1,2,0,1,1,1,1,0,4,1,0,3,1,0,2,1,0,1,1,2,1,1,0,1,1,0,2,1,0,1,1,863ffdbcbb355af71610eb0f46bf8510dd1726045ecadc346ea8019c12c69e98
Optional,Optional,0,1,1,0,0,0,0,0,0,0,0,0,0,3,1,0,2,1,0,2,1,0,1,1,0,4,1,0,2,1,0,1,1,6f4ddebbdd247a570e96f955079faf5697b6a85626a267ae32f591a1b62c2ccd
Optional,Optional,0,1,1,0,1,1,0,0,0,0,0,0,0,0,0,0,0,0,1,0,1,1,0,1,0,1,1,0,1,1,0,0,0,b4ba84cc04bb402830e6a3a72916f9baebf2637b75bd678c18fd1c6271db30f6
Optional,Optional,0,1,1,0,2,1,0,1,1,0,1,1,0,1,1,0,1,1,0,1,1,0,1,1,0,1,1,0,1,1,0,1,1,4cd310075b7d239d3fbdd8a1d6411880d624736e3665854f0c506510e169d18b
Optional,Optional,0,0,0,0,0,0,0,1,1,0,1,1,0,1,1,0,2,1,0,1,1,0,1,1,0,1,1,0,1,1,0,1,1,25e1f5f7bc19f0d04921adf68c24e9bb1149a63d029c58837d458459b3a09f54
Optional,Optional,0,4,1,0,1,1,0,2,1,0,2,1,0,1,1,0,2,1,0,1,1,0,4,1,0,0,0,0,0,0,0,1,1,2c36676c24804758886b0495035907a60e1f7a8b9c39e82c24eb3b02ac15f713
Text,Optional,0,0,0,0,0,0,0,1,1,0,1,1,0,1,1,0,4,1,0,1,1,0,2,1,0,1,1,0,1,1,0,3,1,d2df5b3add3a6a967c6c324d4ce20836582a8dfc8ff81de9f2ecf4b733ee058a
Text,Optional,0,1,1,0,1,1,0,1,1,0,1,1,0,1,1,0,1,1,0,1,1,0,1,1,0,1,1,0,1,1,0,1,1,c5e565922b5ceba079d241704be42cd64ee2b1e4dd79b57df67a50632b58779e
Text,Optional,0,1,1,0,3,1,0,2,1,0,1,1,0,1,1,0,1,1,0,1,1,0,2,1,0,1,1,0,1,1,1,0,1,e7fdbb781687d39c698289fedca23d2f743e9f7a49c9eb5398f27428c76d1a2f
Optional,Optional,0,1,1,0,1,1,0,1,1,0,1,1,0,1,1,0,2,1,0,2,1,0,2,1,0,2,1,0,2,1,0,1,1,bdc73fdb69e9fac1c0920e5dc46b1223b34963b1c82504587fbf331828f3d319
Text,Optional,0,1,1,0,1,1,0,1,1,0,1,1,0,1,1,0,1,1,0,1,1,0,1,1,0,1,1,0,1,1,0,0,0,5400cfad9bf7dae28b4f73e1d11ea0ca2abc91f528df17b4c054b8127fba1cab
Voice,Optional,1,0,1,2,0,1,1,0,1,1,0,1,1,0,1,1,0,1,4,0,1,1,0,1,1,0,1,1,0,1,1,0,1,64f27b675b666e9c955f8d5e4952e4d07618936c769d071c027a9e73d4f9870f
Voice,Optional,8,0,1,7,0,1,1,0,1,1,0,1,1,0,1,1,0,1,1,0,1,1,0,1,1,0,1,1,0,1,0,1,1,7e5ae142ac6a83121c883fe535706af11d56bc303b33387b4565a842a52c557f
Voice,Optional,1,0,1,1,0,1,1,0,1,1,0,1,1,0,1,1,0,1,1,0,1,1,0,1,1,0,1,1,0,1,1,0,1,4b9c1607bf9d89a248d0525957f81f8f76397d0f801ccf95d249c293d7bee342
Text,Optional,0,1,1,0,1,1,0,1,1,0,1,1,0,2,1,0,1,1,0,5,1,0,1,1,0,0,0,0,0,0,0,4,1,03d8a48c99f2cf14feec96194b5d409b313a7ea38204b02e2a4b7f88bc99ef58
Optional,Optional,0,0,0,0,0,0,0,6,0,0,0,0,0,0,0,0,0,0,0,0,0,0,0,0,0,0,0,0,0,0,0,0,0,abb9a75f26cd0572bc0d6014154d43e095e961eb1383aba55b716298adede40b
Optional,Optional,0,1,1,0,1,1,0,1,1,0,1,1,0,1,1,0,1,1,0,1,1,0,1,1,0,1,1,0,1,1,0,1,1,63dd8ce3fdebb4efafb5b5e92e32d6c4d145f16e973db1671e7593fe1318fe92
